<?xml version="1.0" encoding="ISO-8859-1"?>
<iconmap>
<!-- Tradi -->
<icon name="Custom 1" type="2" found="1" />
<icon name="Custom 0" type="2" />
<!-- Multi -->
<icon name="Custom 3" type="3" found="1" />
<icon name="Custom 2" type="3" />
<!-- Letterbox -->
<icon name="Custom 5" type="5" found="1" />
<icon name="Custom 4" type="5" />
<!-- Mystery -->
<icon found="1" name="Custom 7" type="8" />
<icon name="Custom 6" type="8" />
<!-- EVENT -->
<icon name="Custom 9" type="6" found="1" />
<icon name="Custom 8" type="6" />
<!-- CITO -->
<icon name="Custom 11" type="13" found="1" />
<icon name="Custom 10" type="13" />
<!-- Virtual -->
<icon name="Custom 12" type="4" />
<!-- Webcam -->
<icon name="Custom 13" type="11" />
<!-- Locationless -->
<icon name="Custom 14" type="12" />
<!-- Earthcache -->
<icon name="Custom 15" type="137" />
<!-- Final WP -->
<icon name="Custom 16" type="53" />
<!-- Parken WP -->
<icon name="Custom 17" type="50" />
<!-- Puzzle WP (Question) -->
<icon name="Custom 18" type="52" />
<!-- Multicache stage -->
<icon name="Custom 19" type="51" />
<!-- Trailhead WP -->
<icon name="Custom 20" type="54" />
<!-- Reference WP -->
<icon name="Custom 21" type="55" />
</iconmap>