<?xml version="1.0" encoding="ISO-8859-1"?>
<iconmap>
<!-- Tradi -->
<icon type="2" name="Custom 0" />
<icon type="2" found="1" name="Custom 1" />
<!-- Multi -->
<icon type="3" name="Custom 2" />
<icon type="3" found="1" name="Custom 3" />
<!-- Letterbox -->
<icon type="5" name="Custom 4" />
<icon type="5" found="1" name="Custom 5" />
<!-- Mystery -->
<icon type="8" name="Custom 6" />
<icon type="8" found="1" name="Custom 7" />
<!-- EVENT -->
<icon type="6" name="Custom 8" />
<icon type="6" found="1" name="Custom 9" />
<!-- CITO -->
<icon type="13" name="Custom 10" />
<icon type="13" found="1" name="Custom 11" />
<!-- Virtual -->
<icon type="4" name="Custom 12" />
<!-- Webcam -->
<icon type="11" name="Custom 13" />
<!-- Locationless -->
<icon type="12" name="Custom 14" />
<!-- Earthcache -->
<icon type="137" name="Custom 15" />
<!-- Final WP -->
<icon type="53" name="Custom 16" />
<!-- Parken WP -->
<icon type="50" name="Custom 17" />
<!-- Puzzle WP (Question) -->
<icon type="52" name="Custom 18" />
<!-- Multicache stage -->
<icon type="51" name="Custom 19" />
<!-- Trailhead WP -->
<icon type="54" name="Custom 20" />
<!-- Reference WP -->
<icon type="55" name="Custom 21" />
</iconmap>